{
  "name": "alternative-L5R4e-sheet",
  "title": "alternate sheet for L5R 4e",
  "description": "a new shhet for l5r 4e",
  "version": "This is auto replaced",
  "library": "false",
  "manifestPlusVersion": "1.0.0",
  "minimumCoreVersion": "9",
  "compatibleCoreVersion": "9",
  "authors": [
    {
      "name": "The League of Extraordinary FVTT Developers",
      "url": "https://github.com/League-of-Foundry-Developers",
      "discord": "discordID#0001"
    }
  ],
  "dependencies": [
    {
      "name": "l5r4",
      "type": "system",
      "manifest": "https://bitbucket.org/TeoCay/l5r4/raw/master/system.json"
    }
  ],
  "conflicts": [],
  "esmodules": [
    "/scripts/module.js"
  ],
  "scripts": [
    "/scripts/lib/lib.js"
  ],
  "styles": [
    "/styles/module.css"
  ],
  "languages": [
    {
      "lang": "fr",
      "name": "Français",
      "path": "languages/fr.json"
    }
  ],
  "url": "This is auto replaced",
  "manifest": "This is auto replaced",
  "download": "This is auto replaced",
  "media": [
    {
      "type": "icon",
      "url": "https://avatars2.githubusercontent.com/u/71292812?s=400&u=ccdb4eeb7abf551ca8f314e5a9bfd0479a4d3d41&v=4"
    }
  ]
}